validity,system,welfare,se,acc_C
0.1,DD,0.825,0.0017,0.538
0.1,T2,0.9227,0.0012,0.7589
0.1,T3,0.9386,0.0013,0.8376
0.1,SORT,0.9092,0.0015,0.7162
0.3,DD,0.8241,0.0016,0.5332
0.3,T2,0.9646,0.0008,0.8727
0.3,T3,0.9799,0.0007,0.9482
0.3,SORT,0.9089,0.0015,0.7123
0.5,DD,0.8255,0.0018,0.5364
0.5,T2,0.9806,0.0006,0.9239
0.5,T3,0.9919,0.0004,0.9795
0.5,SORT,0.909,0.0015,0.7168
0.7,DD,0.8228,0.0017,0.5344
0.7,T2,0.9882,0.0005,0.9528
0.7,T3,0.9959,0.0003,0.9911
0.7,SORT,0.9102,0.0015,0.7204
0.9,DD,0.8256,0.0016,0.5343
0.9,T2,0.992,0.0004,0.9662
0.9,T3,0.9981,0.0002,0.9963
0.9,SORT,0.9088,0.0014,0.7129
