system,validity,beta,cutoff,acc_C,acc_B
T3,0.3,0.0,0.02,0.9875,
T3,0.3,0.0,0.05,0.9806,
T3,0.3,0.0,0.1,0.9659,
T3,0.3,0.0,0.2,0.9329,
T3,0.3,0.0,0.3,0.8891,
T3,0.3,0.3,0.02,0.9782,
T3,0.3,0.3,0.05,0.9646,
T3,0.3,0.3,0.1,0.9473,
T3,0.3,0.3,0.2,0.9151,
T3,0.3,0.3,0.3,0.8686,
T3,0.3,0.6,0.02,0.9376,
T3,0.3,0.6,0.05,0.9241,
T3,0.3,0.6,0.1,0.8924,
T3,0.3,0.6,0.2,0.8602,
T3,0.3,0.6,0.3,0.8327,
T3,0.3,1.0,0.02,0.8781,
T3,0.3,1.0,0.05,0.8451,
T3,0.3,1.0,0.1,0.8271,
T3,0.3,1.0,0.2,0.7882,
T3,0.3,1.0,0.3,0.7762,
T3,0.7,0.0,0.02,0.9999,
T3,0.7,0.0,0.05,0.9984,
T3,0.7,0.0,0.1,0.9965,
T3,0.7,0.0,0.2,0.9843,
T3,0.7,0.0,0.3,0.9599,
T3,0.7,0.3,0.02,0.9995,
T3,0.7,0.3,0.05,0.997,
T3,0.7,0.3,0.1,0.9927,
T3,0.7,0.3,0.2,0.9757,
T3,0.7,0.3,0.3,0.9512,
T3,0.7,0.6,0.02,0.9919,
T3,0.7,0.6,0.05,0.9824,
T3,0.7,0.6,0.1,0.9742,
T3,0.7,0.6,0.2,0.9397,
T3,0.7,0.6,0.3,0.9184,
T3,0.7,1.0,0.02,0.9601,
T3,0.7,1.0,0.05,0.9334,
T3,0.7,1.0,0.1,0.912,
T3,0.7,1.0,0.2,0.8818,
T3,0.7,1.0,0.3,0.8564,
T2,0.3,0.0,0.1,0.9658,0.9975
T2,0.3,0.0,0.2,0.9308,0.9932
T2,0.3,0.0,0.3,0.8975,0.9832
T2,0.3,0.3,0.1,0.9499,0.9901
T2,0.3,0.3,0.2,0.9081,0.982
T2,0.3,0.3,0.3,0.8754,0.9717
T2,0.7,0.0,0.1,0.9966,0.9998
T2,0.7,0.0,0.2,0.9852,0.9997
T2,0.7,0.0,0.3,0.9647,0.9976
T2,0.7,0.3,0.1,0.9921,0.9998
T2,0.7,0.3,0.2,0.9772,0.9982
T2,0.7,0.3,0.3,0.9521,0.9955
