period,system,share_t2,share_t3,mean_competence_B,mean_competence_C
0,TDD,0.2915,0.107,0.5347,0.4652
0,DD (no incentive),0.3,0.1,0.5386,0.469
1,TDD,0.311,0.1165,0.5477,0.4784
1,DD (no incentive),0.3,0.1,0.5386,0.469
2,TDD,0.32,0.115,0.5602,0.4911
2,DD (no incentive),0.3,0.1,0.5386,0.469
3,TDD,0.342,0.137,0.5731,0.5043
3,DD (no incentive),0.3,0.1,0.5386,0.469
4,TDD,0.3435,0.1315,0.5859,0.5175
4,DD (no incentive),0.3,0.1,0.5386,0.469
5,TDD,0.382,0.1405,0.598,0.5299
5,DD (no incentive),0.3,0.1,0.5386,0.469
6,TDD,0.384,0.147,0.6108,0.5432
6,DD (no incentive),0.3,0.1,0.5386,0.469
7,TDD,0.4015,0.1645,0.6236,0.5565
7,DD (no incentive),0.3,0.1,0.5386,0.469
8,TDD,0.4195,0.1665,0.6358,0.5692
8,DD (no incentive),0.3,0.1,0.5386,0.469
9,TDD,0.437,0.1775,0.6473,0.5813
9,DD (no incentive),0.3,0.1,0.5386,0.469
10,TDD,0.4545,0.1965,0.6595,0.5941
10,DD (no incentive),0.3,0.1,0.5386,0.469
11,TDD,0.455,0.1885,0.6712,0.6066
11,DD (no incentive),0.3,0.1,0.5386,0.469
